{
  "phase1_test": {
    "loss": 0.43579586914607454,
    "iou": 0.9651603187833514,
    "dice": 0.9820545315742493,
    "pixel_acc": 0.9994294984000069,
    "sensitivity": 0.9872673409325736
  },
  "phase2_final": {
    "loss": 0.35017750944410053,
    "iou": 0.9825134447642735,
    "dice": 0.9911750299589974,
    "pixel_acc": 0.9997220294816154,
    "sensitivity": 0.9912962998662677
  },
  "best_val_iou": 0.9825134447642735,
  "best_val_dice": 0.9911750299589974,
  "config": {
    "batch_size": 16,
    "freeze_epochs": 5,
    "total_epochs": 20,
    "lr_decoder": 0.001,
    "lr_full": 0.0001
  }
}